{
    "id_zona": 1,
    "id_turno": 1,
    "fecha": "2025-12-01",
    "secuencia_puntos": [
        123,
        8,
        127,
        41,
        124,
        154,
        152
    ],
    "distancia_km": 1.83,
    "tiempo_estimado_min": 176,
    "version_modelo_vrp": "MAS-LSTM-v2",
    "geometria_json": [
        [
            -20.266589,
            -70.129738
        ],
        [
            -20.266848,
            -70.129725
        ],
        [
            -20.266969,
            -70.129717
        ],
        [
            -20.267183,
            -70.129722
        ],
        [
            -20.267276,
            -70.129652
        ],
        [
            -20.26705,
            -70.129533
        ],
        [
            -20.267624,
            -70.129505
        ],
        [
            -20.267819,
            -70.129498
        ],
        [
            -20.267925,
            -70.129494
        ],
        [
            -20.268145,
            -70.129487
        ],
        [
            -20.268418,
            -70.129477
        ],
        [
            -20.268525,
            -70.129474
        ],
        [
            -20.26859,
            -70.12937
        ],
        [
            -20.268633,
            -70.129278
        ],
        [
            -20.268933,
            -70.129266
        ],
        [
            -20.269057,
            -70.129253
        ],
        [
            -20.269849,
            -70.129082
        ],
        [
            -20.269849,
            -70.129082
        ],
        [
            -20.271688,
            -70.128706
        ],
        [
            -20.271688,
            -70.128706
        ],
        [
            -20.272316,
            -70.128578
        ],
        [
            -20.2723,
            -70.12848
        ],
        [
            -20.272271,
            -70.128314
        ],
        [
            -20.273088,
            -70.128098
        ],
        [
            -20.273088,
            -70.128098
        ],
        [
            -20.272653,
            -70.128019
        ],
        [
            -20.272375,
            -70.127971
        ],
        [
            -20.272353,
            -70.127658
        ],
        [
            -20.272383,
            -70.12746
        ],
        [
            -20.272419,
            -70.127215
        ],
        [
            -20.272453,
            -70.126988
        ],
        [
            -20.2724,
            -70.126933
        ],
        [
            -20.272362,
            -70.126927
        ],
        [
            -20.272362,
            -70.126927
        ],
        [
            -20.272181,
            -70.126897
        ],
        [
            -20.271214,
            -70.126736
        ],
        [
            -20.271162,
            -70.127112
        ],
        [
            -20.271142,
            -70.127254
        ],
        [
            -20.270664,
            -70.127175
        ],
        [
            -20.270539,
            -70.127154
        ],
        [
            -20.270539,
            -70.127154
        ],
        [
            -20.270562,
            -70.127037
        ],
        [
            -20.27057,
            -70.126614
        ],
        [
            -20.270573,
            -70.126195
        ],
        [
            -20.271063,
            -70.12618
        ],
        [
            -20.271086,
            -70.126074
        ],
        [
            -20.271281,
            -70.125143
        ],
        [
            -20.271281,
            -70.125143
        ],
        [
            -20.273269,
            -70.125478
        ],
        [
            -20.273411,
            -70.125458
        ]
    ]
}