{
  "timestamp": "2025-11-25T01:17:32.173613",
  "metricas": {
    "mse": 957825.375,
    "rmse": 978.6855342754383,
    "mae": 788.3853759765625,
    "r2": 0.9718117713928223,
    "mape": 2.0542209148406982
  },
  "muestras": {
    "train": 289,
    "test": 37
  }
}