{
  "epochs": 149,
  "train_loss": [
    0.06751670688390732,
    0.03366420418024063,
    0.02845594845712185,
    0.02144237421452999,
    0.021520890295505524,
    0.019307252019643784,
    0.02152029424905777,
    0.019934114068746567,
    0.016658611595630646,
    0.01627037301659584,
    0.01650955341756344,
    0.01639656536281109,
    0.016987821087241173,
    0.01642024889588356,
    0.01494426466524601,
    0.01582094468176365,
    0.01563601940870285,
    0.014919278211891651,
    0.014515739865601063,
    0.014635677449405193,
    0.014167933724820614,
    0.01505009364336729,
    0.01384715735912323,
    0.01428165938705206,
    0.01436499785631895,
    0.014257241040468216,
    0.01375703327357769,
    0.013959215953946114,
    0.014340673573315144,
    0.014051083475351334,
    0.012255812995135784,
    0.01277831755578518,
    0.012713114731013775,
    0.0120702488347888,
    0.012354168109595776,
    0.012355929240584373,
    0.013675443828105927,
    0.01209833100438118,
    0.012093781493604183,
    0.01187820453196764,
    0.012607099488377571,
    0.011523718945682049,
    0.012099823914468288,
    0.012060257606208324,
    0.011777368374168873,
    0.011384716257452965,
    0.010080224834382534,
    0.012069928459823132,
    0.01081277709454298,
    0.010568401776254177,
    0.010611156933009624,
    0.009642086923122406,
    0.01073323655873537,
    0.01004361268132925,
    0.009737534448504448,
    0.009867534041404724,
    0.009984105825424194,
    0.008611585013568401,
    0.00898544117808342,
    0.009984790347516537,
    0.009055962786078453,
    0.008957838639616966,
    0.009331454522907734,
    0.010954027064144611,
    0.009059756994247437,
    0.00930981244891882,
    0.00896218977868557,
    0.00968159455806017,
    0.008717365562915802,
    0.008188867941498756,
    0.008003986440598965,
    0.00862271897494793,
    0.00838310644030571,
    0.007280508056282997,
    0.009031656198203564,
    0.008690283633768559,
    0.00905496347695589,
    0.00877036526799202,
    0.007847093977034092,
    0.007894969545304775,
    0.007352120708674192,
    0.009262396953999996,
    0.008688051253557205,
    0.008250689134001732,
    0.00816529244184494,
    0.00729154609143734,
    0.007806956302374601,
    0.007320645730942488,
    0.007497801445424557,
    0.008079531602561474,
    0.007941320538520813,
    0.00817691907286644,
    0.008157300762832165,
    0.008196747861802578,
    0.007933481596410275,
    0.007807614281773567,
    0.006623486522585154,
    0.007672895211726427,
    0.007269713561981916,
    0.007186198141425848,
    0.0075845313258469105,
    0.0073446654714643955,
    0.007727917283773422,
    0.007808116730302572,
    0.007773966994136572,
    0.0066022430546581745,
    0.006916251964867115,
    0.007258437108248472,
    0.007528695743530989,
    0.00730447843670845,
    0.007985264994204044,
    0.007309825159609318,
    0.0073813763447105885,
    0.007241325452923775,
    0.008045442402362823,
    0.0075513808988034725,
    0.007534155156463385,
    0.007697096560150385,
    0.0067937178537249565,
    0.007148261647671461,
    0.007549901958554983,
    0.006921318359673023,
    0.006721484940499067,
    0.006888707168400288,
    0.007359140552580357,
    0.007272486574947834,
    0.006667138077318668,
    0.00751675758510828,
    0.0068872482515871525,
    0.007275850977748632,
    0.006553156301379204,
    0.006656101904809475,
    0.006206830497831106,
    0.006896320264786482,
    0.006819014437496662,
    0.0076843323186039925,
    0.006716589909046888,
    0.006473018322139978,
    0.006911988835781813,
    0.0068072425201535225,
    0.007454220205545425,
    0.0071164583787322044,
    0.006604511756449938,
    0.006774419918656349,
    0.006438921671360731,
    0.006601118482649326,
    0.006989345420151949,
    0.0070928409695625305,
    0.006653220392763615
  ],
  "val_loss": [
    0.0404529832303524,
    0.034069813787937164,
    0.030675845220685005,
    0.02716916613280773,
    0.024397389963269234,
    0.022874031215906143,
    0.021745316684246063,
    0.02135169692337513,
    0.021329419687390327,
    0.021133171394467354,
    0.020588338375091553,
    0.020184842869639397,
    0.019981196150183678,
    0.019867196679115295,
    0.019459934905171394,
    0.019124547019600868,
    0.01941196620464325,
    0.01890374906361103,
    0.01897098310291767,
    0.01850687898695469,
    0.017431626096367836,
    0.01659373752772808,
    0.01692083850502968,
    0.01773817650973797,
    0.016561808064579964,
    0.01499332208186388,
    0.0143854059278965,
    0.014341632835566998,
    0.015767257660627365,
    0.013791128993034363,
    0.01315450482070446,
    0.013069650158286095,
    0.011464565061032772,
    0.012407185509800911,
    0.013065156526863575,
    0.014276009052991867,
    0.014851019717752934,
    0.015391997061669827,
    0.012975652702152729,
    0.011596398428082466,
    0.01051416527479887,
    0.010285419411957264,
    0.010101229883730412,
    0.00978409219533205,
    0.021037252619862556,
    0.011104531586170197,
    0.011914579197764397,
    0.01256720069795847,
    0.014431491494178772,
    0.011122316122055054,
    0.01017715223133564,
    0.010990379378199577,
    0.012280954048037529,
    0.011713040992617607,
    0.009565435349941254,
    0.009531447663903236,
    0.010236973874270916,
    0.009251099079847336,
    0.00961141474545002,
    0.008221335709095001,
    0.008268827572464943,
    0.007936260662972927,
    0.008082689717411995,
    0.008310802280902863,
    0.008231407031416893,
    0.007802662905305624,
    0.009936420246958733,
    0.008599536493420601,
    0.00815472099930048,
    0.008124783635139465,
    0.009026425890624523,
    0.007737607695162296,
    0.007724145893007517,
    0.008596234954893589,
    0.008168283849954605,
    0.008794499561190605,
    0.008270148187875748,
    0.007986171171069145,
    0.00776060251519084,
    0.007448248565196991,
    0.00781978853046894,
    0.007695488631725311,
    0.007352910470217466,
    0.007250466849654913,
    0.00744287483394146,
    0.008298082277178764,
    0.008274641819298267,
    0.008053014986217022,
    0.008484295569360256,
    0.007657085545361042,
    0.008103067055344582,
    0.007336331065744162,
    0.007612927351146936,
    0.007576039992272854,
    0.007274382282048464,
    0.007123885676264763,
    0.007078531198203564,
    0.007376071531325579,
    0.006891738157719374,
    0.006882691755890846,
    0.006984018720686436,
    0.007084735669195652,
    0.006999129895120859,
    0.007621411699801683,
    0.007264413870871067,
    0.0070423525758087635,
    0.007156912703067064,
    0.007471046410501003,
    0.006926611997187138,
    0.007018668577075005,
    0.006967281457036734,
    0.007047133520245552,
    0.006939800921827555,
    0.0068137068301439285,
    0.006730367429554462,
    0.006671815179288387,
    0.006683542858809233,
    0.006678101606667042,
    0.006700856611132622,
    0.006699139252305031,
    0.006697244010865688,
    0.006596785970032215,
    0.006622461602091789,
    0.00661919079720974,
    0.006588054355233908,
    0.0066188485361635685,
    0.006654347293078899,
    0.006593845319002867,
    0.006555294152349234,
    0.006572388112545013,
    0.006608512252569199,
    0.0067612179554998875,
    0.0067979381419718266,
    0.006779806688427925,
    0.0067299725487828255,
    0.006699528079479933,
    0.006631371099501848,
    0.0066873738542199135,
    0.00672336108982563,
    0.006692172959446907,
    0.0065985918045043945,
    0.006605725269764662,
    0.006620257161557674,
    0.006630217656493187,
    0.0066512878984212875,
    0.006649979390203953,
    0.006614618003368378,
    0.006620265077799559,
    0.006625466980040073
  ],