{
  "timestamp": "2025-10-22T00:06:39.700927",
  "modelo": "LSTM Avanzado 3 capas",
  "datos": {
    "total_muestras": 20086,
    "train_size": 14068,
    "val_size": 3005,
    "test_size": 3013,
    "sequence_length": 14,
    "num_features": 11
  },
  "metricas": {
    "training": {
      "mse": 0.004492624197155237,
      "rmse": 0.06702704079067819,
      "mae": 0.04513676464557648,
      "r2": 0.851456344127655,
      "mape": 53.66685485839844
    },
    "validation": {
      "mse": 0.010130605660378933,
      "rmse": 0.1006509098835124,
      "mae": 0.064208023250103,
      "r2": 0.6701868772506714,
      "mape": 77.01728057861328
    },
    "test": {
      "mse": 0.010019914247095585,
      "rmse": 0.10009952171262151,
      "mae": 0.06271442770957947,
      "r2": 0.645768940448761,
      "mape": Infinity
    }
  },
  "estadisticas_error_test": {
    "media": 0.0006694106268696487,
    "std": 0.10009728372097015,
    "min": -0.4159466028213501,
    "max": 0.5469196438789368
  }
}