{
  "total_muestras": 503,
  "mape": 212.0096180919393,
  "rmse": 0.30750568559222263,
  "mae": 0.26899167124429896,
  "r2": -0.030614693801939596,
  "correlacion": 0.007575091293029876,
  "sesgo": -0.008993729759426647,
  "valor_real_promedio": 0.4846049751908716,
  "valor_predicho_promedio": 0.49359870495029823,
  "valor_real_min": 0.0,
  "valor_real_max": 1.0,
  "valor_predicho_min": 0.290186,
  "valor_predicho_max": 0.6629781,
  "fecha_validacion": "2025-10-20T19:40:20.972579",
  "archivo_csv": "C:\\Users\\hanss\\Desktop\\LAR\\gestion_rutas\\lstm\\predicciones_lstm.csv"
}